Grass	Grass	Grass	Grass	Grass	Grass	Grass	Grass	Grass	Grass	Grass	Grass	Grass	Grass	Grass	Grass	Grass	Grass	Grass	Grass	Grass	Grass	Grass	Grass	Grass
Grass	Grass	Grass	Grass	Grass	Grass	Grass	Grass	Grass	Grass	Grass	Grass	Grass	Grass	Grass	Grass	Grass	Grass	Grass	Grass	Grass	Grass	Grass	Grass	Grass
Grass	Grass	Grass	Grass	Grass	Grass	Grass	Grass	Grass	Grass	Grass	Grass	Grass	Grass	Grass	Grass	Grass	Grass	Grass	Grass	Grass	Grass	Grass	Grass	Grass
Grass	Grass	Grass	Grass	Grass	Grass	Grass	Grass	Grass	Grass	Grass	Grass	Grass	Grass	Grass	Grass	Grass	Grass	Grass	Grass	Grass	Grass	Grass	Grass	Grass
Grass	Grass	Grass	Grass	Grass	Grass	Grass	Grass	Grass	Grass	Grass	Grass	Grass	Grass	Grass	Grass	Grass	Grass	Grass	Grass	Grass	Grass	Grass	Grass	Grass
Grass	Grass	Grass	Grass	Grass	Grass	Grass	Grass	Grass	Grass	Grass	Grass	Grass	Grass	Grass	Grass	Grass	Grass	Grass	Grass	Grass	Grass	Grass	Grass	Grass
Grass	Grass	Grass	Grass	Grass	Grass	Mountain	Grass	Grass	Grass	Grass	Grass	Grass	Grass	Grass	Grass	Grass	Grass	Grass	Grass	Grass	Grass	Grass	Grass	Grass
Grass	Grass	Grass	Grass	Grass	Grass	Grass	Grass	Grass	Grass	Grass	Grass	Grass	Grass	Grass	Grass	Grass	Grass	Grass	Grass	Grass	Grass	Grass	Grass	Grass
Grass	Grass	Grass	Grass	Grass	Grass	Grass	Grass	Grass	Grass	Grass	Grass	Grass	Grass	Grass	Grass	Grass	Grass	Grass	Grass	Grass	Grass	Grass	Grass	Grass
Grass	Grass	Grass	Grass	Grass	Grass	Grass	Grass	Grass	Grass	Forest	Grass	Grass	Grass	Grass	Grass	Grass	Grass	Grass	Grass	Grass	Grass	Grass	Grass	Grass
Grass	Grass	Grass	Grass	Grass	Grass	Grass	Grass	Grass	Grass	Grass	Grass	Grass	Grass	Grass	Grass	Grass	Grass	Grass	Grass	Grass	Grass	Grass	Grass	Grass
Grass	Grass	Grass	Grass	Grass	Grass	Grass	Grass	Grass	Grass	Grass	Grass	Grass	Grass	Grass	Grass	Grass	Grass	Grass	Grass	Grass	Grass	Grass	Grass	Grass
Grass	Grass	Grass	Grass	Grass	Grass	Grass	Grass	Grass	Grass	Grass	Grass	Grass	Grass	Grass	Grass	Grass	Grass	Grass	Grass	Grass	Grass	Grass	Grass	Grass
Grass	Grass	Grass	Grass	Grass	Grass	Grass	Grass	Grass	Grass	Grass	Grass	Grass	Grass	Grass	Grass	Grass	Grass	Grass	Grass	Grass	Grass	Grass	Grass	Grass
Grass	Grass	Grass	Grass	Grass	Grass	Grass	Grass	Grass	Grass	Grass	Grass	Grass	Grass	Grass	Grass	Grass	Grass	Grass	Grass	Grass	Grass	Grass	Grass	Grass
